model,params_M,train_s,MAE_avg,RMSE_avg,MAE_btc,MAE_eth,MAE_sol,MAE_xrp,RMSE_btc,RMSE_eth,RMSE_sol,RMSE_xrp,best_val_mse
LSTM,0.208912,28.21509623527527,0.4849560820735199,0.49323720246339975,0.48500940198943654,0.48466322788534755,0.4853484913966546,0.48480320702264124,0.49320880940738826,0.4931866296778583,0.49390076965492014,0.4926526011134325,0.9970112009481951
PRISM,0.073605,152.20490789413452,0.48953738205028596,0.4948955043400334,0.48958145238329226,0.48981031245550527,0.4893563640854438,0.4894013992769027,0.4946311825627657,0.4954676222450508,0.4942266823412147,0.4952565302111022,1.013680439404767
Linear,0.001552,77.7695107460022,0.48987368743884396,0.4949154448502829,0.48932682678174294,0.4901360948565645,0.4895222075956559,0.4905096205214124,0.4940621528289339,0.4955475430477992,0.4943267205937918,0.4957253629306066,1.0105060537656148
Mean=0.5,0.0,0.0,0.4908036905309856,0.4933557495715001,0.4913383278340432,0.49049314689333956,0.490671282373782,0.49071200502277745,0.4936083617213073,0.49321249903724484,0.4933095245114516,0.4932926130159965,
Persistence,0.0,0.0,0.5054974021700029,0.7042271667251297,0.517567339865417,0.5053372142809884,0.5019587850797385,0.49712626945386784,0.7130716260705661,0.7038767683364199,0.701679629405889,0.6982806430876441,
