model,params_M,train_s,MAE_avg,RMSE_avg,MAE_btc,MAE_eth,MAE_sol,MAE_xrp,RMSE_btc,RMSE_eth,RMSE_sol,RMSE_xrp,best_val_mse
PRISM,0.073605,151.80802035331726,0.4871472434052356,0.49507463324251494,0.48541181206758915,0.48679552082705574,0.48744151056119356,0.4889401301651037,0.49354345799826627,0.4954511908995328,0.49524844741185503,0.4960554366604056,1.0032864542149786
TimeMixer,0.086892,64.71714067459106,0.4895403222426904,0.49697402877367663,0.4884885352813735,0.489835879578664,0.48930601429415393,0.49053085981657035,0.496443435337737,0.4968247525547567,0.4969345539163094,0.4976933732859034,1.0134835501215351
TSMixer,0.029249,18.445815563201904,0.4895519257260572,0.4933894351125505,0.4898765126139608,0.4889701474989168,0.48960352456697853,0.48975751822437286,0.49386487045349264,0.4929446995153316,0.4936881574285063,0.4930600130528714,0.9890890263799411
TimeXer,0.109313,68.77319288253784,0.4901218208100763,0.4955405310502836,0.48961157841122893,0.49060859029233983,0.49017243877979794,0.49009467575693866,0.4953750279801331,0.49556376736278007,0.49545760233455965,0.4957657265236618,1.002534427749577
Mean=0.5,0.0,0.0,0.49014641582102014,0.49305505231426194,0.4899684189078182,0.48971408346424933,0.4900974413678712,0.49080571954414187,0.4929896160716255,0.4928486155385222,0.4930433315803274,0.49333864606657263,
SegRNN,0.025697,18.395068883895874,0.49053949694479665,0.49513245477049384,0.48916087344518716,0.49085042587002065,0.49131103228497247,0.4908356561790063,0.49376476791137863,0.4953356664669153,0.49580807692470086,0.4956213077789805,1.0016780878180889
TimesNet,4.701265,126.35082030296326,0.49099550820110327,0.49681172051858835,0.49046681606084064,0.4914554539770097,0.49116749961892264,0.49089226314764034,0.49677979863198973,0.4974759855558673,0.496362397716963,0.4966287001695332,1.0090767874646542
Persistence,0.0,0.0,0.5060988626172466,0.7042341853359315,0.5188478132785621,0.5060708120416514,0.505476137921876,0.49400068722689694,0.7131142920645595,0.7039194583868168,0.7038153614946966,0.6960876293976533,
