model,params_M,train_s,MAE_avg,RMSE_avg,MAE_btc,MAE_eth,MAE_sol,MAE_xrp,RMSE_btc,RMSE_eth,RMSE_sol,RMSE_xrp,best_val_mse
PRISM,0.073605,147.53208374977112,0.4871472434052356,0.49507463324251494,0.48541181206758915,0.48679552082705574,0.48744151056119356,0.4889401301651037,0.49354345799826627,0.4954511908995328,0.49524844741185503,0.4960554366604056,1.0032864542149786
StockMixer,0.010521,183.57488298416138,0.489457867200155,0.495758725432527,0.4887603966640278,0.4887386766088628,0.49042059785576275,0.48991179767196674,0.4952945255632769,0.49521229359887287,0.4968218600017062,0.495706222566252,0.9982396301938526
SAMBA,0.159601,1641.59668135643,0.489667795817949,0.4944030499575975,0.48853888429175363,0.49112604488107076,0.48942955011739636,0.4895767039815752,0.49341041327510704,0.4960271351471158,0.49422238912859845,0.4939522622795687,0.9991867079663632
Mean=0.5,0.0,0.0,0.49014641582102014,0.49305505231426194,0.4899684189078182,0.48971408346424933,0.4900974413678712,0.49080571954414187,0.4929896160716255,0.4928486155385222,0.4930433315803274,0.49333864606657263,
Persistence,0.0,0.0,0.5060988626172466,0.7042341853359315,0.5188478132785621,0.5060708120416514,0.505476137921876,0.49400068722689694,0.7131142920645595,0.7039194583868168,0.7038153614946966,0.6960876293976533,
