model,params_M,train_s,MAE_avg,RMSE_avg,MAE_btc,MAE_eth,MAE_sol,MAE_xrp,RMSE_btc,RMSE_eth,RMSE_sol,RMSE_xrp,best_val_mse
LSTM,0.208912,26.461069583892822,0.48444562585531437,0.49283014510373524,0.4840605531743891,0.48428644521867414,0.4849861843272359,0.4844493207009583,0.4921493643317999,0.493211817987675,0.4933810912382858,0.4925783068571804,0.9957765340805054
PRISM,0.073605,153.56384301185608,0.48954164501982145,0.4948791725749573,0.48957849886451393,0.4898344958829804,0.48935265699770486,0.4894009283340865,0.4946102963757515,0.49545828201364445,0.4942101329694864,0.4952379789409469,1.0136704517133308
Linear,0.001552,64.49914240837097,0.48981201977435085,0.4946088769875774,0.4896103373798062,0.48974015013729527,0.489202514201072,0.4906950773792297,0.49405101218922903,0.49480294517046197,0.4938072561516914,0.49577429443892707,1.0100085789507085
Mean=0.5,0.0,0.0,0.4908036905309856,0.4933557495715001,0.4913383278340432,0.49049314689333956,0.490671282373782,0.49071200502277745,0.4936083617213073,0.49321249903724484,0.4933095245114516,0.4932926130159965,
Persistence,0.0,0.0,0.5054974021700029,0.7042271667251297,0.517567339865417,0.5053372142809884,0.5019587850797385,0.49712626945386784,0.7130716260705661,0.7038767683364199,0.701679629405889,0.6982806430876441,
