model,params_M,train_s,MAE_avg,RMSE_avg,MAE_btc,MAE_eth,MAE_sol,MAE_xrp,RMSE_btc,RMSE_eth,RMSE_sol,RMSE_xrp,best_val_mse
PRISM,0.073605,145.6454393863678,0.4871472434052356,0.49507463324251494,0.48541181206758915,0.48679552082705574,0.48744151056119356,0.4889401301651037,0.49354345799826627,0.4954511908995328,0.49524844741185503,0.4960554366604056,1.0032864542149786
LSTM,0.208912,15.580114126205444,0.487380615959328,0.49303117546272546,0.48727212837222805,0.48649825220522674,0.48743201126947533,0.48832007199038185,0.4931846794130983,0.49253023865924783,0.4932527119821342,0.49315707179642143,0.9906484315644449
Linear,0.001552,24.202383995056152,0.489673445970447,0.4963011179742086,0.48891851755992005,0.48964579431962724,0.4903999897518577,0.48972948225038304,0.4958071147367725,0.496848263654754,0.49736350620416125,0.4951855873011465,1.0003070350903183
Mean=0.5,0.0,0.0,0.49014641582102014,0.49305505231426194,0.4899684189078182,0.48971408346424933,0.4900974413678712,0.49080571954414187,0.4929896160716255,0.4928486155385222,0.4930433315803274,0.49333864606657263,
AdaLinear,0.031685,8.972694873809814,0.49387425404388585,0.5076435146525401,0.49402777933528236,0.4965087102361236,0.49333366360158326,0.49162686300255415,0.5078406976041822,0.5096914598111948,0.5074291731992706,0.5056127279955128,1.0637120604515076
MoLE,0.007016,20.909780025482178,0.4944065241347746,0.5086363110733265,0.4934809583545344,0.49476805754274117,0.4941615612499064,0.4952155193919164,0.5075900187586924,0.5087479197677875,0.5081781501803677,0.5100291555864586,1.0480888023305295
Persistence,0.0,0.0,0.5060988626172466,0.7042341853359315,0.5188478132785621,0.5060708120416514,0.505476137921876,0.49400068722689694,0.7131142920645595,0.7039194583868168,0.7038153614946966,0.6960876293976533,
