{
  "n": 8556,
  "n_pos": 4063,
  "seeds": [
    2024,
    2025,
    2026
  ],
  "ref": "PRISM",
  "auc_ref": 0.533493756443077,
  "ref_boot_lo": 0.5165725197032647,
  "ref_boot_hi": 0.551114654052648,
  "ref_perm_p_gt_half": 9.999000099990002e-05,
  "comparisons": [
    {
      "other": "Linear",
      "auc_ref": 0.5334937564430771,
      "auc_other": 0.5200802966454396,
      "dauc": 0.013413459797637417,
      "z": 2.3832919553835565,
      "delong_p": 0.017158580077321704,
      "perm_p": 0.0188981101889811,
      "boot_lo": -0.00041931129584870096,
      "boot_hi": 0.027940119191628997,
      "other_auc_perm_p_gt_half": 0.00039996000399960006
    },
    {
      "other": "LSTM",
      "auc_ref": 0.5334937564430771,
      "auc_other": 0.5161143275406559,
      "dauc": 0.017379428902421168,
      "z": 2.369975885215895,
      "delong_p": 0.017789245483785108,
      "perm_p": 0.0226977302269773,
      "boot_lo": -0.004551955510727553,
      "boot_hi": 0.03958043888927472,
      "other_auc_perm_p_gt_half": 0.005599440055994401
    },
    {
      "other": "Transformer",
      "auc_ref": 0.5334937564430771,
      "auc_other": 0.5090796200658678,
      "dauc": 0.02441413637720924,
      "z": 3.3651663110952983,
      "delong_p": 0.0007649753443635029,
      "perm_p": 0.0007999200079992001,
      "boot_lo": 0.005105371325335067,
      "boot_hi": 0.044314057088804586,
      "other_auc_perm_p_gt_half": 0.071992800719928
    },
    {
      "other": "RLinear",
      "auc_ref": 0.5334937564430771,
      "auc_other": 0.5089967937107187,
      "dauc": 0.02449696273235835,
      "z": 4.56018947735863,
      "delong_p": 5.110748511116831e-06,
      "perm_p": 9.999000099990002e-05,
      "boot_lo": 0.01103816173357286,
      "boot_hi": 0.0390217731403818,
      "other_auc_perm_p_gt_half": 0.07069293070692931
    }
  ]
}