{
  "n": 12620,
  "n_pos": 6009,
  "seeds": [
    2024,
    2025,
    2026
  ],
  "ref": "PRISM",
  "auc_ref": 0.5261826792912029,
  "ref_boot_lo": 0.5116720004045723,
  "ref_boot_hi": 0.5410870791175437,
  "ref_perm_p_gt_half": 9.999000099990002e-05,
  "comparisons": [
    {
      "other": "MoLE",
      "auc_ref": 0.5261826792912028,
      "auc_other": 0.4911339187960861,
      "dauc": 0.03504876049511668,
      "z": 4.697035383677302,
      "delong_p": 2.6396473788472585e-06,
      "perm_p": 9.999000099990002e-05,
      "boot_lo": 0.014130696040134236,
      "boot_hi": 0.05588694495756715,
      "other_auc_perm_p_gt_half": 0.9605039496050395
    },
    {
      "other": "AdaLinear",
      "auc_ref": 0.5261826792912028,
      "auc_other": 0.476683175206937,
      "dauc": 0.04949950408426579,
      "z": 6.041877350219908,
      "delong_p": 1.5233124808335491e-09,
      "perm_p": 9.999000099990002e-05,
      "boot_lo": 0.02629559636807163,
      "boot_hi": 0.07257843128758407,
      "other_auc_perm_p_gt_half": 1.0
    }
  ]
}