{
  "n": 12620,
  "n_pos": 6009,
  "seeds": [
    2024,
    2025,
    2026
  ],
  "ref": "PRISM",
  "auc_ref": 0.5261826792912029,
  "ref_boot_lo": 0.5116720004045723,
  "ref_boot_hi": 0.5410870791175437,
  "ref_perm_p_gt_half": 9.999000099990002e-05,
  "comparisons": [
    {
      "other": "Linear",
      "auc_ref": 0.5261826792912028,
      "auc_other": 0.518806384282297,
      "dauc": 0.007376295008905798,
      "z": 1.5988324913843968,
      "delong_p": 0.10985782746087996,
      "perm_p": 0.10938906109389061,
      "boot_lo": -0.0037757654568682324,
      "boot_hi": 0.019420439126391135,
      "other_auc_perm_p_gt_half": 9.999000099990002e-05
    },
    {
      "other": "LSTM",
      "auc_ref": 0.5261826792912028,
      "auc_other": 0.5090007931681362,
      "dauc": 0.017181886123066592,
      "z": 2.8351234814085617,
      "delong_p": 0.004580797625229747,
      "perm_p": 0.005099490050994901,
      "boot_lo": -0.000871339293894946,
      "boot_hi": 0.0358228326811859,
      "other_auc_perm_p_gt_half": 0.0433956604339566
    },
    {
      "other": "Transformer",
      "auc_ref": 0.5261826792912028,
      "auc_other": 0.5141865304196682,
      "dauc": 0.011996148871534551,
      "z": 1.8923409585894797,
      "delong_p": 0.05844556704572486,
      "perm_p": 0.0603939606039396,
      "boot_lo": -0.005063408241672521,
      "boot_hi": 0.029127878730659904,
      "other_auc_perm_p_gt_half": 0.0028997100289971
    },
    {
      "other": "RLinear",
      "auc_ref": 0.5261826792912028,
      "auc_other": 0.5056581290520732,
      "dauc": 0.02052455023912958,
      "z": 4.01970037549226,
      "delong_p": 5.8272202956285086e-05,
      "perm_p": 9.999000099990002e-05,
      "boot_lo": 0.006873402486630933,
      "boot_hi": 0.034237700126849686,
      "other_auc_perm_p_gt_half": 0.13878612138786123
    }
  ]
}