{
  "mean_half": 1.004354593127665,
  "curves": {
    "PRISM": [1.0189677470862264, 1.017672027000273, 1.0136704517133308, 1.0155218725252633, 1.0227032484430256, 1.0217145458616392, 1.0158957116531604, 1.0182092827979965],
    "LSTM": [1.0029081485488198, 1.0031336196745284, 1.0036460552552733, 1.0025497000626844, 1.002202377776907, 0.9989885585476653, 0.9980166379851524, 0.9970675664718704, 1.0007523834103285, 0.9962444118779115, 0.9957765340805054, 0.9983874980849449, 0.9977514466854057, 0.9971943401327037, 0.9975392523438039],
    "Linear": [1.0131739203376, 1.0136528075343432, 1.0115371201977585, 1.0133210902262215, 1.012476015572596, 1.010371126911857, 1.0100366960872302, 1.0105723521926187, 1.0109430443156848, 1.01109926206897, 1.0104163782765168, 1.0100340843200684, 1.0100085789507085, 1.0100246047732806, 1.010025194799057],
    "FEDformer": [1.022989855270193, 1.0219180939173458, 1.0236549828991746, 1.022548502141779, 1.0202259788609513, 1.0215378403663635, 1.0235000330992419, 1.0221656283946952, 1.030373833998285, 1.0234427506273442]
  }
}
