{
  "PRISM": {
    "brier": [
      0.2509481850919437,
      0.2509829606917656,
      0.2505574998913838,
      0.2510502774291135
    ],
    "logloss": [
      0.6950971507358602,
      0.6951603039477278,
      0.6943405227533925,
      0.69531919170295
    ],
    "auc": [
      0.5211619271890474,
      0.5206518170009545,
      0.5255740214036823,
      0.5137289058247142
    ]
  },
  "Linear": {
    "brier": [
      0.25044576440227934,
      0.2512658534580001,
      0.25011782886027195,
      0.25098384586237715
    ],
    "logloss": [
      0.6940537546119296,
      0.6957403538533132,
      0.6933902943411393,
      0.695156639127963
    ],
    "auc": [
      0.5211156510873141,
      0.5191841939078653,
      0.5230072918103081,
      0.5106884547403509
    ]
  },
  "LSTM": {
    "brier": [
      0.2536587981021801,
      0.25341765064972804,
      0.25445540695509045,
      0.25318065684424645
    ],
    "logloss": [
      0.7008388004791656,
      0.7003470951580081,
      0.7024152412451704,
      0.6997644506823871
    ],
    "auc": [
      0.5088479906514226,
      0.5167220370283928,
      0.5019726084692736,
      0.5047999623648326
    ]
  },
  "Transformer": {
    "brier": [
      0.2516102167479702,
      0.2516105001999371,
      0.25102187192372,
      0.2513395409822112
    ],
    "logloss": [
      0.6963964756430613,
      0.6964154546530361,
      0.6952513265880529,
      0.6958700928024305
    ],
    "auc": [
      0.5092905645577105,
      0.5004009254147278,
      0.5145683660640917,
      0.5129145076849667
    ]
  },
  "RLinear": {
    "brier": [
      0.25261909892942774,
      0.2539401660229514,
      0.2523036554352453,
      0.2542215304142598
    ],
    "logloss": [
      0.6985804398067401,
      0.7012671498854326,
      0.6978864979599119,
      0.701871066507812
    ],
    "auc": [
      0.5120972436612471,
      0.49871821904879937,
      0.5070475358723897,
      0.5054347869916732
    ]
  }
}